<?xml version="1.0" encoding="UTF-8"?>
<faces-config xmlns="http://java.sun.com/xml/ns/javaee"
              xmlns:xsi="http://www.w3.org/2001/XMLSchema-instance"
              xsi:schemaLocation="http://java.sun.com/xml/ns/javaee http://java.sun.com/xml/ns/javaee/web-facesconfig_2_1.xsd"
              version="2.1">
    <render-kit>
        <renderer>
            <component-family>javax.faces.Input</component-family>
            <renderer-type>javax.faces.File</renderer-type>
            <renderer-class>com.tutorialspoint.test.MultipleFileRenderer</renderer-class>
        </renderer>
    </render-kit>
</faces-config>